	Rank	Barycenter_distance
FullReplica3_r333q.tsv	0.0	0.5397714481500935
FullReplica4_r333q.tsv	1.0	0.5397714481500935
FullReplica7_r333q.tsv	2.0	0.6327395311233877
FullReplica6_r333q.tsv	3.0	0.6901659035621447
FullReplica5_r333q.tsv	4.0	0.7424243700362785
FullReplica2_r333q.tsv	5.0	0.7511779813639196
FullReplica9_r333q.tsv	6.0	0.7883622725654087
FullReplica10_r333q.tsv	7.0	0.9726246293590665
